{
  "pools": [
    {
            "rolls": 1,
            "entries": [
                {
                    "type": "item",
                    "name": "minecraft:shulker_shell",
                    "weight": 1,
                    "functions": [
                        {
                            "function": "set_count",
                            "count": {
                                "min": 2,
                                "max": 2
                            }
                        }
                    ]
                }
            ]
        },
	{
			"conditions": [
                {
                    "condition": "killed_by_player"
                },
                {
                    "condition": "random_chance_with_looting",
                    "chance": 0.02,
                    "looting_multiplier": 0.01
                }
			],
            "rolls": 1,
            "entries": [
                {
                    "type": "item",
                    "name": "minecraft:player_head",
                    "weight": 1,
                    "functions": [
						{
                            "function": "set_nbt",
                            "tag": "{display:{Name:\"{\\\"text\\\":\\\"§r§eShulker Skull\\\"}\"},SkullOwner:{Id:\"cda568d7-46da-4468-a46a-4c1ed73faf53\",Properties:{textures:[{Value:\"eyJ0ZXh0dXJlcyI6eyJTS0lOIjp7InVybCI6Imh0dHA6Ly90ZXh0dXJlcy5taW5lY3JhZnQubmV0L3RleHR1cmUvMWU3MzgzMmUyNzJmODg0NGM0NzY4NDZiYzQyNGEzNDMyZmI2OThjNThlNmVmMmE5ODcxYzdkMjlhZWVhNyJ9fX0=\"}]}}}"
                        }
                    ]
                }
            ]
        }
    ]
}
