{
   "pools":[
      {
         "conditions":[
            {
               "condition":"killed_by_player"
            },
            {
               "condition":"random_chance_with_looting",
               "chance":0.02,
               "looting_multiplier":0.01
            }
         ],
         "rolls":1,
         "entries":[
            {
               "type":"item",
               "name":"minecraft:player_head",
               "weight":1,
               "functions":[
                  {
                     "function":"set_nbt",
                     "tag":"{display:{Name:\"{\\\"text\\\":\\\"§r§eSilverfish Head\\\"}\"},SkullOwner:{Id:\"30a4cd5c-5754-4db8-8960-18022a74627d\",Properties:{textures:[{Value:\"eyJ0ZXh0dXJlcyI6eyJTS0lOIjp7InVybCI6Imh0dHA6Ly90ZXh0dXJlcy5taW5lY3JhZnQubmV0L3RleHR1cmUvZGE5MWRhYjgzOTFhZjVmZGE1NGFjZDJjMGIxOGZiZDgxOWI4NjVlMWE4ZjFkNjIzODEzZmE3NjFlOTI0NTQwIn19fQ==\"}]}}}"
                  }
               ]
            }
         ]
      }
   ]
}